year,month,monthlyrain,yearmonth
1909,2,946,Feb 1909
1909,3,613,Mar 1909
1909,4,506,Apr 1909
1909,5,657,May 1909
1909,6,0,Jun 1909
1909,7,0,Jul 1909
1909,8,0,Aug 1909
1909,9,500,Sep 1909
1909,10,153,Oct 1909
1909,12,547,Dec 1909
1910,1,1141,Jan 1910
1910,12,84,Dec 1910
1911,1,839,Jan 1911
1911,2,389,Feb 1911
1911,3,2073,Mar 1911
1911,4,462,Apr 1911
1911,5,119,May 1911
1911,6,0,Jun 1911
1911,7,264,Jul 1911
1911,8,28,Aug 1911
1911,9,18,Sep 1911
1911,10,559,Oct 1911
1911,11,725,Nov 1911
1911,12,41,Dec 1911
1912,1,223,Jan 1912
1912,2,1009,Feb 1912
1912,3,288,Mar 1912
1912,4,770,Apr 1912
1912,5,696,May 1912
1912,6,0,Jun 1912
1912,7,0,Jul 1912
1912,8,0,Aug 1912
1912,9,0,Sep 1912
1912,10,0,Oct 1912
1912,11,79,Nov 1912
1912,12,385,Dec 1912
1913,1,237,Jan 1913
1913,2,1014,Feb 1913
1913,3,0,Mar 1913
1913,4,699,Apr 1913
1913,5,0,May 1913
1913,6,43,Jun 1913
1913,7,10,Jul 1913
1913,8,127,Aug 1913
1913,9,327,Sep 1913
1913,10,290,Oct 1913
1913,11,189,Nov 1913
1913,12,0,Dec 1913
1914,1,363,Jan 1914
1914,2,516,Feb 1914
1914,3,336,Mar 1914
1914,4,469,Apr 1914
1914,5,320,May 1914
1914,6,0,Jun 1914
1914,7,0,Jul 1914
1914,8,0,Aug 1914
1914,9,302,Sep 1914
1914,10,300,Oct 1914
1914,11,1087,Nov 1914
1914,12,1586,Dec 1914
1915,1,953,Jan 1915
1915,2,1246,Feb 1915
1915,3,81,Mar 1915
1915,4,43,Apr 1915
1915,5,61,May 1915
1915,6,0,Jun 1915
1915,7,381,Jul 1915
1915,8,0,Aug 1915
1915,9,249,Sep 1915
1915,10,0,Oct 1915
1915,11,536,Nov 1915
1915,12,659,Dec 1915
1916,1,922,Jan 1916
1916,2,110,Feb 1916
1916,3,714,Mar 1916
1916,4,752,Apr 1916
1916,5,0,May 1916
1916,6,0,Jun 1916
1916,7,74,Jul 1916
1916,8,0,Aug 1916
1916,9,36,Sep 1916
1916,10,536,Oct 1916
1916,11,250,Nov 1916
1916,12,847,Dec 1916
1917,1,1347,Jan 1917
1917,2,1240,Feb 1917
1917,3,610,Mar 1917
1917,4,378,Apr 1917
1917,5,28,May 1917
1917,6,0,Jun 1917
1917,7,0,Jul 1917
1917,8,622,Aug 1917
1917,9,0,Sep 1917
1917,10,153,Oct 1917
1917,12,384,Dec 1917
1918,1,1105,Jan 1918
1918,2,594,Feb 1918
1918,3,998,Mar 1918
1918,4,0,Apr 1918
1918,5,244,May 1918
1918,6,0,Jun 1918
1918,7,38,Jul 1918
1918,8,627,Aug 1918
1918,9,567,Sep 1918
1918,10,939,Oct 1918
1918,11,618,Nov 1918
1918,12,226,Dec 1918
1919,1,877,Jan 1919
1919,2,188,Feb 1919
1919,3,686,Mar 1919
1919,4,219,Apr 1919
1919,5,132,May 1919
1919,6,0,Jun 1919
1919,7,56,Jul 1919
1919,8,48,Aug 1919
1919,9,129,Sep 1919
1919,10,157,Oct 1919
1919,11,586,Nov 1919
1919,12,282,Dec 1919
1920,1,562,Jan 1920
1920,2,1846,Feb 1920
1920,3,1378,Mar 1920
1920,4,102,Apr 1920
1920,5,158,May 1920
1920,6,15,Jun 1920
1920,7,0,Jul 1920
1920,8,165,Aug 1920
1920,9,104,Sep 1920
1920,10,822,Oct 1920
1920,11,363,Nov 1920
1920,12,129,Dec 1920
1921,2,1326,Feb 1921
1921,9,183,Sep 1921
1921,10,149,Oct 1921
1921,11,353,Nov 1921
1921,12,801,Dec 1921
1922,3,148,Mar 1922
1922,4,0,Apr 1922
1922,5,229,May 1922
1922,6,580,Jun 1922
1922,7,0,Jul 1922
1922,8,25,Aug 1922
1922,9,29,Sep 1922
1922,10,286,Oct 1922
1922,11,975,Nov 1922
1922,12,317,Dec 1922
1923,1,1893,Jan 1923
1923,2,1671,Feb 1923
1923,3,336,Mar 1923
1923,4,796,Apr 1923
1923,5,503,May 1923
1923,6,248,Jun 1923
1923,7,110,Jul 1923
1923,8,150,Aug 1923
1923,9,5,Sep 1923
1923,10,224,Oct 1923
1923,11,846,Nov 1923
1923,12,65,Dec 1923
1924,1,1021,Jan 1924
1924,3,1722,Mar 1924
1924,4,300,Apr 1924
1924,5,18,May 1924
1924,6,0,Jun 1924
1924,7,0,Jul 1924
1924,8,160,Aug 1924
1924,9,363,Sep 1924
1924,10,523,Oct 1924
1924,11,601,Nov 1924
1924,12,1361,Dec 1924
1925,1,989,Jan 1925
1925,2,877,Feb 1925
1925,3,1566,Mar 1925
1925,4,979,Apr 1925
1925,5,712,May 1925
1925,6,0,Jun 1925
1925,7,8,Jul 1925
1925,8,43,Aug 1925
1925,9,477,Sep 1925
1925,11,359,Nov 1925
1925,12,359,Dec 1925
1926,1,671,Jan 1926
1926,2,1031,Feb 1926
1926,3,1060,Mar 1926
1926,4,341,Apr 1926
1926,5,83,May 1926
1926,6,3,Jun 1926
1926,7,28,Jul 1926
1926,8,0,Aug 1926
1926,9,186,Sep 1926
1926,10,302,Oct 1926
1926,11,1105,Nov 1926
1926,12,403,Dec 1926
1927,1,591,Jan 1927
1927,2,250,Feb 1927
1927,3,1597,Mar 1927
1927,4,280,Apr 1927
1927,5,3,May 1927
1927,6,0,Jun 1927
1927,7,97,Jul 1927
1927,8,188,Aug 1927
1927,9,33,Sep 1927
1927,10,341,Oct 1927
1927,11,156,Nov 1927
1927,12,435,Dec 1927
1928,1,839,Jan 1928
1928,2,613,Feb 1928
1928,3,705,Mar 1928
1928,4,340,Apr 1928
1928,5,8,May 1928
1928,6,58,Jun 1928
1928,7,0,Jul 1928
1928,8,208,Aug 1928
1928,9,119,Sep 1928
1928,10,229,Oct 1928
1928,11,818,Nov 1928
1928,12,491,Dec 1928
1929,1,636,Jan 1929
1929,2,361,Feb 1929
1929,3,1403,Mar 1929
1929,4,219,Apr 1929
1929,5,143,May 1929
1929,6,469,Jun 1929
1929,7,233,Jul 1929
1929,8,105,Aug 1929
1929,9,1007,Sep 1929
1929,10,130,Oct 1929
1929,11,596,Nov 1929
1929,12,1159,Dec 1929
1930,1,614,Jan 1930
1930,2,554,Feb 1930
1930,3,718,Mar 1930
1930,4,719,Apr 1930
1930,5,173,May 1930
1930,6,35,Jun 1930
1930,7,254,Jul 1930
1930,8,38,Aug 1930
1930,9,0,Sep 1930
1930,10,116,Oct 1930
1930,11,137,Nov 1930
1930,12,361,Dec 1930
1931,1,880,Jan 1931
1931,2,470,Feb 1931
1931,3,519,Mar 1931
1931,4,1171,Apr 1931
1931,5,0,May 1931
1931,6,23,Jun 1931
1931,7,445,Jul 1931
1931,8,36,Aug 1931
1931,9,0,Sep 1931
1931,10,427,Oct 1931
1931,11,764,Nov 1931
1931,12,134,Dec 1931
1932,1,656,Jan 1932
1932,2,950,Feb 1932
1932,3,743,Mar 1932
1932,4,0,Apr 1932
1932,5,0,May 1932
1932,6,0,Jun 1932
1932,7,8,Jul 1932
1932,8,0,Aug 1932
1932,9,574,Sep 1932
1932,10,434,Oct 1932
1932,11,370,Nov 1932
1932,12,452,Dec 1932
1933,1,111,Jan 1933
1933,2,632,Feb 1933
1933,3,494,Mar 1933
1933,4,81,Apr 1933
1933,5,15,May 1933
1933,6,28,Jun 1933
1933,7,0,Jul 1933
1933,8,0,Aug 1933
1933,9,10,Sep 1933
1933,10,56,Oct 1933
1933,11,1350,Nov 1933
1933,12,1271,Dec 1933
1934,1,1691,Jan 1934
1934,2,525,Feb 1934
1934,3,780,Mar 1934
1934,4,407,Apr 1934
1934,5,593,May 1934
1934,6,0,Jun 1934
1934,7,132,Jul 1934
1934,8,38,Aug 1934
1934,9,18,Sep 1934
1934,10,635,Oct 1934
1934,11,765,Nov 1934
1934,12,651,Dec 1934
1935,1,381,Jan 1935
1935,2,760,Feb 1935
1935,3,1631,Mar 1935
1935,4,674,Apr 1935
1935,5,407,May 1935
1935,6,371,Jun 1935
1935,7,10,Jul 1935
1935,8,171,Aug 1935
1935,9,120,Sep 1935
1935,10,519,Oct 1935
1935,11,625,Nov 1935
1935,12,1084,Dec 1935
1936,1,853,Jan 1936
1936,2,1163,Feb 1936
1936,3,1356,Mar 1936
1936,4,161,Apr 1936
1936,5,250,May 1936
1936,6,33,Jun 1936
1936,7,26,Jul 1936
1936,8,0,Aug 1936
1936,9,77,Sep 1936
1936,10,500,Oct 1936
1936,11,1455,Nov 1936
1936,12,1093,Dec 1936
1937,1,1168,Jan 1937
1937,2,1314,Feb 1937
1937,3,0,Mar 1937
1937,4,0,Apr 1937
1937,5,102,May 1937
1937,6,0,Jun 1937
1937,7,69,Jul 1937
1937,8,58,Aug 1937
1937,9,5,Sep 1937
1937,10,142,Oct 1937
1937,11,440,Nov 1937
1937,12,570,Dec 1937
1938,1,1154,Jan 1938
1938,2,600,Feb 1938
1938,3,239,Mar 1938
1938,4,524,Apr 1938
1938,5,74,May 1938
1938,6,290,Jun 1938
1938,7,132,Jul 1938
1938,8,165,Aug 1938
1938,9,8,Sep 1938
1938,10,841,Oct 1938
1938,11,810,Nov 1938
1938,12,670,Dec 1938
1939,1,661,Jan 1939
1939,2,614,Feb 1939
1939,3,290,Mar 1939
1939,4,335,Apr 1939
1939,5,317,May 1939
1939,6,36,Jun 1939
1939,7,76,Jul 1939
1939,8,491,Aug 1939
1939,9,0,Sep 1939
1939,10,1496,Oct 1939
1939,11,899,Nov 1939
1939,12,206,Dec 1939
1940,1,224,Jan 1940
1940,2,650,Feb 1940
1940,4,217,Apr 1940
1940,5,308,May 1940
1940,6,66,Jun 1940
1940,7,79,Jul 1940
1940,8,0,Aug 1940
1940,9,608,Sep 1940
1940,10,135,Oct 1940
1940,11,1689,Nov 1940
1940,12,624,Dec 1940
1941,1,550,Jan 1941
1941,2,2024,Feb 1941
1941,3,33,Mar 1941
1941,4,325,Apr 1941
1941,5,3,May 1941
1941,6,51,Jun 1941
1941,7,157,Jul 1941
1941,8,152,Aug 1941
1941,9,160,Sep 1941
1941,10,944,Oct 1941
1941,11,3,Nov 1941
1941,12,130,Dec 1941
1942,1,570,Jan 1942
1942,2,1107,Feb 1942
1942,3,906,Mar 1942
1942,4,1101,Apr 1942
1942,5,30,May 1942
1942,6,5,Jun 1942
1942,7,0,Jul 1942
1942,8,293,Aug 1942
1942,9,76,Sep 1942
1942,10,1125,Oct 1942
1942,11,1051,Nov 1942
1942,12,1330,Dec 1942
1943,1,814,Jan 1943
1943,2,835,Feb 1943
1943,3,859,Mar 1943
1943,4,2361,Apr 1943
1943,5,1014,May 1943
1943,6,0,Jun 1943
1943,7,407,Jul 1943
1943,8,989,Aug 1943
1943,9,0,Sep 1943
1943,10,859,Oct 1943
1943,11,1674,Nov 1943
1943,12,1244,Dec 1943
1944,1,601,Jan 1944
1944,2,355,Feb 1944
1944,3,380,Mar 1944
1944,4,64,Apr 1944
1944,5,190,May 1944
1944,6,416,Jun 1944
1944,7,0,Jul 1944
1944,8,0,Aug 1944
1944,9,974,Sep 1944
1944,10,491,Oct 1944
1944,11,645,Nov 1944
1944,12,211,Dec 1944
1945,1,980,Jan 1945
1945,2,811,Feb 1945
1945,3,1002,Mar 1945
1945,4,86,Apr 1945
1945,6,8,Jun 1945
1945,7,109,Jul 1945
1945,8,0,Aug 1945
1945,9,0,Sep 1945
1945,10,74,Oct 1945
1945,11,591,Nov 1945
1945,12,537,Dec 1945
1946,1,1541,Jan 1946
1946,2,1328,Feb 1946
1946,3,1610,Mar 1946
1946,4,441,Apr 1946
1946,5,759,May 1946
1946,6,30,Jun 1946
1946,7,84,Jul 1946
1946,8,0,Aug 1946
1946,9,112,Sep 1946
1946,10,597,Oct 1946
1946,11,323,Nov 1946
1946,12,183,Dec 1946
1947,1,473,Jan 1947
1947,2,201,Feb 1947
1947,3,214,Mar 1947
1947,4,1109,Apr 1947
1947,5,318,May 1947
1947,6,58,Jun 1947
1947,7,92,Jul 1947
1947,8,0,Aug 1947
1947,9,471,Sep 1947
1947,10,916,Oct 1947
1947,11,389,Nov 1947
1947,12,1926,Dec 1947
1948,1,1744,Jan 1948
1948,2,439,Feb 1948
1948,3,2479,Mar 1948
1948,4,625,Apr 1948
1948,5,315,May 1948
1948,6,0,Jun 1948
1948,7,13,Jul 1948
1948,8,10,Aug 1948
1948,9,0,Sep 1948
1948,10,223,Oct 1948
1948,11,81,Nov 1948
1948,12,71,Dec 1948
1949,1,223,Jan 1949
1949,2,1375,Feb 1949
1949,3,860,Mar 1949
1949,4,228,Apr 1949
1949,5,271,May 1949
1949,6,47,Jun 1949
1949,7,160,Jul 1949
1949,8,140,Aug 1949
1949,9,168,Sep 1949
1949,10,142,Oct 1949
1949,11,764,Nov 1949
1949,12,1283,Dec 1949
1950,1,552,Jan 1950
1950,2,351,Feb 1950
1950,3,1289,Mar 1950
1950,4,1245,Apr 1950
1950,5,429,May 1950
1950,6,75,Jun 1950
1950,7,64,Jul 1950
1950,8,859,Aug 1950
1950,9,95,Sep 1950
1950,10,473,Oct 1950
1950,11,475,Nov 1950
1950,12,1075,Dec 1950
1951,1,752,Jan 1951
1951,2,467,Feb 1951
1951,3,779,Mar 1951
1951,4,673,Apr 1951
1951,5,96,May 1951
1951,6,81,Jun 1951
1951,7,8,Jul 1951
1951,8,43,Aug 1951
1951,9,153,Sep 1951
1951,10,881,Oct 1951
1951,11,83,Nov 1951
1951,12,223,Dec 1951
1952,1,839,Jan 1952
1952,2,763,Feb 1952
1952,3,837,Mar 1952
1952,4,202,Apr 1952
1952,5,57,May 1952
1952,6,31,Jun 1952
1952,7,611,Jul 1952
1952,8,129,Aug 1952
1952,9,422,Sep 1952
1952,10,228,Oct 1952
1952,11,618,Nov 1952
1952,12,762,Dec 1952
1953,1,385,Jan 1953
1953,2,1535,Feb 1953
1953,3,369,Mar 1953
1953,4,892,Apr 1953
1953,5,104,May 1953
1953,6,7,Jun 1953
1953,7,0,Jul 1953
1953,8,45,Aug 1953
1953,9,33,Sep 1953
1953,10,440,Oct 1953
1953,11,448,Nov 1953
1953,12,828,Dec 1953
1954,1,439,Jan 1954
1954,2,1076,Feb 1954
1954,3,1090,Mar 1954
1954,4,305,Apr 1954
1954,5,25,May 1954
1954,6,0,Jun 1954
1954,7,10,Jul 1954
1954,8,0,Aug 1954
1954,9,13,Sep 1954
1954,10,8,Oct 1954
1954,11,215,Nov 1954
1954,12,369,Dec 1954
1955,1,1886,Jan 1955
1955,2,1119,Feb 1955
1955,3,118,Mar 1955
1955,4,528,Apr 1955
1955,5,59,May 1955
1955,6,79,Jun 1955
1955,7,97,Jul 1955
1955,8,2,Aug 1955
1955,9,0,Sep 1955
1955,10,1011,Oct 1955
1955,11,990,Nov 1955
1955,12,375,Dec 1955
1956,1,134,Jan 1956
1956,2,1600,Feb 1956
1956,3,1756,Mar 1956
1956,4,533,Apr 1956
1956,5,495,May 1956
1956,6,6,Jun 1956
1956,7,0,Jul 1956
1956,8,0,Aug 1956
1956,9,120,Sep 1956
1956,10,585,Oct 1956
1956,11,450,Nov 1956
1956,12,1382,Dec 1956
1957,1,895,Jan 1957
1957,2,350,Feb 1957
1957,3,526,Mar 1957
1957,4,254,Apr 1957
1957,5,34,May 1957
1957,6,285,Jun 1957
1957,7,320,Jul 1957
1957,8,500,Aug 1957
1957,9,943,Sep 1957
1957,10,650,Oct 1957
1957,11,747,Nov 1957
1957,12,639,Dec 1957
1958,1,1344,Jan 1958
1958,2,513,Feb 1958
1958,3,570,Mar 1958
1958,4,245,Apr 1958
1958,5,582,May 1958
1958,6,2,Jun 1958
1958,7,0,Jul 1958
1958,8,0,Aug 1958
1958,9,345,Sep 1958
1958,10,453,Oct 1958
1958,11,1140,Nov 1958
1958,12,882,Dec 1958
1959,1,818,Jan 1959
1959,2,1083,Feb 1959
1959,3,303,Mar 1959
1959,4,823,Apr 1959
1959,5,696,May 1959
1959,6,0,Jun 1959
1959,7,211,Jul 1959
1959,8,0,Aug 1959
1959,9,0,Sep 1959
1959,10,381,Oct 1959
1959,11,806,Nov 1959
1959,12,1636,Dec 1959
1960,1,417,Jan 1960
1960,2,447,Feb 1960
1960,3,940,Mar 1960
1960,4,679,Apr 1960
1960,5,89,May 1960
1960,6,147,Jun 1960
1960,7,178,Jul 1960
1960,8,349,Aug 1960
1960,9,49,Sep 1960
1960,10,783,Oct 1960
1960,11,698,Nov 1960
1960,12,479,Dec 1960
1961,1,614,Jan 1961
1961,2,425,Feb 1961
1961,3,946,Mar 1961
1961,4,580,Apr 1961
1961,5,556,May 1961
1961,6,482,Jun 1961
1961,7,374,Jul 1961
1961,8,72,Aug 1961
1961,9,3,Sep 1961
1961,10,0,Oct 1961
1961,11,753,Nov 1961
1961,12,429,Dec 1961
1962,1,397,Jan 1962
1962,2,635,Feb 1962
1962,3,900,Mar 1962
1962,4,992,Apr 1962
1962,5,170,May 1962
1962,6,0,Jun 1962
1962,7,0,Jul 1962
1962,8,0,Aug 1962
1962,9,28,Sep 1962
1962,10,241,Oct 1962
1962,11,905,Nov 1962
1962,12,581,Dec 1962
1963,1,2491,Jan 1963
1963,2,331,Feb 1963
1963,3,775,Mar 1963
1963,4,1202,Apr 1963
1963,5,168,May 1963
1963,6,182,Jun 1963
1963,7,109,Jul 1963
1963,8,16,Aug 1963
1963,9,16,Sep 1963
1963,10,140,Oct 1963
1963,11,1481,Nov 1963
1963,12,337,Dec 1963
1964,1,110,Jan 1964
1964,2,731,Feb 1964
1964,3,740,Mar 1964
1964,4,224,Apr 1964
1964,5,34,May 1964
1964,6,340,Jun 1964
1964,7,0,Jul 1964
1964,8,0,Aug 1964
1964,9,28,Sep 1964
1964,10,778,Oct 1964
1964,11,400,Nov 1964
1964,12,1085,Dec 1964
1965,1,1670,Jan 1965
1965,2,173,Feb 1965
1965,3,173,Mar 1965
1965,4,893,Apr 1965
1965,5,0,May 1965
1965,6,33,Jun 1965
1965,7,508,Jul 1965
1965,8,0,Aug 1965
1965,9,40,Sep 1965
1965,10,243,Oct 1965
1965,11,531,Nov 1965
1965,12,100,Dec 1965
1966,1,937,Jan 1966
1966,2,1005,Feb 1966
1966,3,174,Mar 1966
1966,4,116,Apr 1966
1966,5,23,May 1966
1966,6,125,Jun 1966
1966,7,0,Jul 1966
1966,8,4,Aug 1966
1966,9,0,Sep 1966
1966,10,156,Oct 1966
1966,11,192,Nov 1966
1966,12,669,Dec 1966
1967,1,928,Jan 1967
1967,2,1250,Feb 1967
1967,3,1272,Mar 1967
1967,4,1024,Apr 1967
1967,5,534,May 1967
1967,6,72,Jun 1967
1967,7,9,Jul 1967
1967,8,41,Aug 1967
1967,9,63,Sep 1967
1967,10,788,Oct 1967
1967,11,384,Nov 1967
1967,12,43,Dec 1967
1968,1,532,Jan 1968
1968,2,38,Feb 1968
1968,3,1266,Mar 1968
1968,4,1379,Apr 1968
1968,5,505,May 1968
1968,6,0,Jun 1968
1968,7,37,Jul 1968
1968,8,61,Aug 1968
1968,9,11,Sep 1968
1968,10,390,Oct 1968
1968,11,53,Nov 1968
1968,12,1109,Dec 1968
1969,1,260,Jan 1969
1969,2,781,Feb 1969
1969,3,1007,Mar 1969
1969,4,748,Apr 1969
1969,5,380,May 1969
1969,6,0,Jun 1969
1969,7,0,Jul 1969
1969,8,185,Aug 1969
1969,9,85,Sep 1969
1969,10,1786,Oct 1969
1969,11,31,Nov 1969
1969,12,289,Dec 1969
1970,1,570,Jan 1970
1970,2,444,Feb 1970
1970,3,346,Mar 1970
1970,4,335,Apr 1970
1970,5,356,May 1970
1970,6,375,Jun 1970
1970,7,307,Jul 1970
1970,8,67,Aug 1970
1970,9,351,Sep 1970
1970,10,565,Oct 1970
1970,11,305,Nov 1970
1970,12,987,Dec 1970
1971,1,983,Jan 1971
1971,2,665,Feb 1971
1971,3,895,Mar 1971
1971,4,461,Apr 1971
1971,5,383,May 1971
1971,6,34,Jun 1971
1971,7,39,Jul 1971
1971,8,0,Aug 1971
1971,9,41,Sep 1971
1971,10,615,Oct 1971
1971,11,188,Nov 1971
1971,12,814,Dec 1971
1972,1,1111,Jan 1972
1972,2,2542,Feb 1972
1972,3,1320,Mar 1972
1972,4,317,Apr 1972
1972,5,65,May 1972
1972,6,223,Jun 1972
1972,7,0,Jul 1972
1972,8,15,Aug 1972
1972,9,0,Sep 1972
1972,10,287,Oct 1972
1972,11,505,Nov 1972
1972,12,194,Dec 1972
1973,1,167,Jan 1973
1973,2,1253,Feb 1973
1973,3,603,Mar 1973
1973,4,248,Apr 1973
1973,5,24,May 1973
1973,6,1,Jun 1973
1973,7,3,Jul 1973
1973,8,186,Aug 1973
1973,9,611,Sep 1973
1973,10,39,Oct 1973
1973,11,1103,Nov 1973
1973,12,578,Dec 1973
1974,1,2502,Jan 1974
1974,2,1851,Feb 1974
1974,3,1230,Mar 1974
1974,4,736,Apr 1974
1974,5,356,May 1974
1974,6,22,Jun 1974
1974,7,0,Jul 1974
1974,8,397,Aug 1974
1974,9,85,Sep 1974
1974,10,136,Oct 1974
1974,11,1318,Nov 1974
1974,12,560,Dec 1974
1975,1,1158,Jan 1975
1975,2,931,Feb 1975
1975,3,1095,Mar 1975
1975,4,232,Apr 1975
1975,5,158,May 1975
1975,6,176,Jun 1975
1975,7,169,Jul 1975
1975,8,96,Aug 1975
1975,9,283,Sep 1975
1975,10,102,Oct 1975
1975,11,1028,Nov 1975
1975,12,1354,Dec 1975
1976,1,1858,Jan 1976
1976,2,1505,Feb 1976
1976,3,1323,Mar 1976
1976,4,454,Apr 1976
1976,5,150,May 1976
1976,6,230,Jun 1976
1976,7,0,Jul 1976
1976,8,0,Aug 1976
1976,9,520,Sep 1976
1976,10,1125,Oct 1976
1976,11,379,Nov 1976
1976,12,782,Dec 1976
1977,1,910,Jan 1977
1977,2,956,Feb 1977
1977,3,1677,Mar 1977
1977,4,348,Apr 1977
1977,5,112,May 1977
1977,6,0,Jun 1977
1977,7,0,Jul 1977
1977,8,143,Aug 1977
1977,9,710,Sep 1977
1977,10,101,Oct 1977
1977,11,0,Nov 1977
1977,12,161,Dec 1977
1978,1,662,Jan 1978
1978,2,632,Feb 1978
1978,3,873,Mar 1978
1978,4,868,Apr 1978
1978,5,0,May 1978
1978,6,11,Jun 1978
1978,7,0,Jul 1978
1978,8,26,Aug 1978
1978,9,294,Sep 1978
1978,10,59,Oct 1978
1978,11,214,Nov 1978
1978,12,801,Dec 1978
1979,1,462,Jan 1979
1979,2,749,Feb 1979
1979,3,250,Mar 1979
1979,4,130,Apr 1979
1979,5,239,May 1979
1979,6,15,Jun 1979
1979,7,302,Jul 1979
1979,8,680,Aug 1979
1979,9,67,Sep 1979
1979,10,375,Oct 1979
1979,11,423,Nov 1979
1979,12,679,Dec 1979
1980,1,277,Jan 1980
1980,2,431,Feb 1980
1980,3,330,Mar 1980
1980,4,180,Apr 1980
1980,5,19,May 1980
1980,6,3,Jun 1980
1980,7,0,Jul 1980
1980,8,145,Aug 1980
1980,9,591,Sep 1980
1980,10,7,Oct 1980
1980,11,601,Nov 1980
1980,12,420,Dec 1980
1981,1,1519,Jan 1981
1981,2,2511,Feb 1981
1981,3,577,Mar 1981
1981,4,420,Apr 1981
1981,5,343,May 1981
1981,6,314,Jun 1981
1981,7,1,Jul 1981
1981,8,717,Aug 1981
1981,9,303,Sep 1981
1981,10,157,Oct 1981
1981,11,170,Nov 1981
1981,12,1276,Dec 1981
1982,1,491,Jan 1982
1982,2,512,Feb 1982
1982,3,399,Mar 1982
1982,4,1382,Apr 1982
1982,5,0,May 1982
1982,6,358,Jun 1982
1982,7,149,Jul 1982
1982,8,0,Aug 1982
1982,9,214,Sep 1982
1982,10,1281,Oct 1982
1982,11,831,Nov 1982
1982,12,627,Dec 1982
1983,1,122,Jan 1983
1983,2,528,Feb 1983
1983,3,335,Mar 1983
1983,4,440,Apr 1983
1983,5,422,May 1983
1983,6,247,Jun 1983
1983,7,406,Jul 1983
1983,8,0,Aug 1983
1983,9,307,Sep 1983
1983,10,355,Oct 1983
1983,11,1075,Nov 1983
1983,12,565,Dec 1983
1984,1,1107,Jan 1984
1984,2,366,Feb 1984
1984,3,577,Mar 1984
1984,4,335,Apr 1984
1984,5,529,May 1984
1984,6,1041,Jun 1984
1984,7,5,Jul 1984
1984,8,13,Aug 1984
1984,9,0,Sep 1984
1984,10,308,Oct 1984
1984,11,396,Nov 1984
1984,12,474,Dec 1984
1985,1,483,Jan 1985
1985,2,1064,Feb 1985
1985,3,516,Mar 1985
1985,4,150,Apr 1985
1985,5,18,May 1985
1985,6,109,Jun 1985
1985,7,0,Jul 1985
1985,8,0,Aug 1985
1985,9,16,Sep 1985
1985,10,399,Oct 1985
1985,11,541,Nov 1985
1985,12,1084,Dec 1985
1986,1,306,Jan 1986
1986,2,368,Feb 1986
1986,3,844,Mar 1986
1986,4,204,Apr 1986
1986,5,234,May 1986
1986,6,43,Jun 1986
1986,7,0,Jul 1986
1986,8,38,Aug 1986
1986,9,117,Sep 1986
1986,10,1561,Oct 1986
1986,11,1051,Nov 1986
1986,12,488,Dec 1986
1987,1,779,Jan 1987
1987,2,1265,Feb 1987
1987,3,438,Mar 1987
1987,4,644,Apr 1987
1987,5,262,May 1987
1987,6,23,Jun 1987
1987,7,142,Jul 1987
1987,8,189,Aug 1987
1987,9,1361,Sep 1987
1987,10,141,Oct 1987
1987,11,490,Nov 1987
1987,12,583,Dec 1987
1988,1,569,Jan 1988
1988,2,3873,Feb 1988
1988,3,1818,Mar 1988
1988,4,990,Apr 1988
1988,5,97,May 1988
1988,6,86,Jun 1988
1988,7,26,Jul 1988
1988,8,0,Aug 1988
1988,9,528,Sep 1988
1988,10,958,Oct 1988
1988,11,1121,Nov 1988
1988,12,833,Dec 1988
1989,1,1245,Jan 1989
1989,2,1627,Feb 1989
1989,3,902,Mar 1989
1989,4,499,Apr 1989
1989,5,196,May 1989
1989,6,209,Jun 1989
1989,7,25,Jul 1989
1989,8,51,Aug 1989
1989,9,56,Sep 1989
1989,10,94,Oct 1989
1989,11,1040,Nov 1989
1989,12,383,Dec 1989
1990,1,633,Jan 1990
1990,2,825,Feb 1990
1990,3,687,Mar 1990
1990,4,694,Apr 1990
1990,5,43,May 1990
1990,6,206,Jun 1990
1990,7,13,Jul 1990
1990,8,167,Aug 1990
1990,9,11,Sep 1990
1990,10,33,Oct 1990
1990,11,32,Nov 1990
1990,12,665,Dec 1990
1991,1,1669,Jan 1991
1991,2,983,Feb 1991
1991,3,1371,Mar 1991
1991,4,20,Apr 1991
1991,5,0,May 1991
1991,6,219,Jun 1991
1991,7,41,Jul 1991
1991,8,0,Aug 1991
1991,9,436,Sep 1991
1991,10,1940,Oct 1991
1991,11,544,Nov 1991
1991,12,458,Dec 1991
1992,1,391,Jan 1992
1992,2,124,Feb 1992
1992,3,234,Mar 1992
1992,4,182,Apr 1992
1992,5,0,May 1992
1992,6,399,Jun 1992
1992,7,0,Jul 1992
1992,8,124,Aug 1992
1992,9,0,Sep 1992
1992,10,221,Oct 1992
1992,11,1222,Nov 1992
1992,12,94,Dec 1992
1993,1,489,Jan 1993
1993,2,1481,Feb 1993
1993,3,727,Mar 1993
1993,4,202,Apr 1993
1993,5,96,May 1993
1993,6,6,Jun 1993
1993,7,0,Jul 1993
1993,8,239,Aug 1993
1993,9,538,Sep 1993
1993,10,1795,Oct 1993
1993,11,393,Nov 1993
1993,12,275,Dec 1993
1994,1,1585,Jan 1994
1994,2,1719,Feb 1994
1994,3,978,Mar 1994
1994,4,3,Apr 1994
1994,5,0,May 1994
1994,6,3,Jun 1994
1994,7,0,Jul 1994
1994,8,0,Aug 1994
1994,9,0,Sep 1994
1994,10,0,Oct 1994
1994,11,11,Nov 1994
1994,12,200,Dec 1994
1995,1,970,Jan 1995
1995,2,302,Feb 1995
1995,3,757,Mar 1995
1995,4,626,Apr 1995
1995,5,376,May 1995
1995,6,5,Jun 1995
1995,7,0,Jul 1995
1995,8,30,Aug 1995
1995,9,105,Sep 1995
1995,10,770,Oct 1995
1995,11,683,Nov 1995
1995,12,1385,Dec 1995
1996,1,1204,Jan 1996
1996,2,1269,Feb 1996
1996,3,274,Mar 1996
1996,4,649,Apr 1996
1996,5,0,May 1996
1996,6,0,Jun 1996
1996,7,295,Jul 1996
1996,8,28,Aug 1996
1996,9,191,Sep 1996
1996,10,269,Oct 1996
1996,11,1557,Nov 1996
1996,12,1627,Dec 1996
1997,1,1116,Jan 1997
1997,2,81,Feb 1997
1997,3,1195,Mar 1997
1997,4,352,Apr 1997
1997,5,305,May 1997
1997,6,180,Jun 1997
1997,7,168,Jul 1997
1997,8,56,Aug 1997
1997,9,0,Sep 1997
1997,10,206,Oct 1997
1997,11,260,Nov 1997
1997,12,165,Dec 1997
1998,1,1681,Jan 1998
1998,2,1680,Feb 1998
1998,3,1047,Mar 1998
1998,4,142,Apr 1998
1998,5,23,May 1998
1998,6,0,Jun 1998
1998,7,47,Jul 1998
1998,8,0,Aug 1998
1998,9,122,Sep 1998
1998,10,875,Oct 1998
1998,11,663,Nov 1998
1998,12,441,Dec 1998
1999,1,282,Jan 1999
1999,2,349,Feb 1999
1999,3,66,Mar 1999
1999,4,259,Apr 1999
1999,5,636,May 1999
1999,6,3,Jun 1999
1999,7,26,Jul 1999
1999,8,3,Aug 1999
1999,9,3,Sep 1999
1999,10,691,Oct 1999
1999,11,132,Nov 1999
1999,12,757,Dec 1999
2000,1,1120,Jan 2000
2000,2,603,Feb 2000
2000,3,775,Mar 2000
2000,4,450,Apr 2000
2000,5,155,May 2000
2000,6,18,Jun 2000
2000,7,15,Jul 2000
2000,8,3,Aug 2000
2000,9,422,Sep 2000
2000,10,0,Oct 2000
2000,11,727,Nov 2000
2000,12,779,Dec 2000
2001,1,132,Jan 2001
2001,2,1279,Feb 2001
2001,3,916,Mar 2001
2001,4,1038,Apr 2001
2001,5,252,May 2001
2001,6,277,Jun 2001
2001,7,5,Jul 2001
2001,8,158,Aug 2001
2001,9,132,Sep 2001
2001,10,415,Oct 2001
2001,11,1328,Nov 2001
2001,12,530,Dec 2001
2002,1,1050,Jan 2002
2002,2,465,Feb 2002
2002,3,232,Mar 2002
2002,4,178,Apr 2002
2002,5,1758,May 2002
2002,6,59,Jun 2002
2002,7,3,Jul 2002
2002,8,973,Aug 2002
2002,9,84,Sep 2002
2002,10,87,Oct 2002
2002,11,114,Nov 2002
2002,12,643,Dec 2002
2003,1,158,Jan 2003
2003,2,877,Feb 2003
2003,3,963,Mar 2003
2003,4,46,Apr 2003
2003,5,0,May 2003
2003,6,0,Jun 2003
2003,7,0,Jul 2003
2003,8,23,Aug 2003
2003,9,160,Sep 2003
2003,10,115,Oct 2003
2003,11,284,Nov 2003
2003,12,353,Dec 2003
2004,1,392,Jan 2004
2004,2,441,Feb 2004
2004,3,1484,Mar 2004
2004,4,194,Apr 2004
2004,5,3,May 2004
2004,6,33,Jun 2004
2004,7,0,Jul 2004
2004,8,0,Aug 2004
2004,9,346,Sep 2004
2004,10,66,Oct 2004
2004,11,51,Nov 2004
2004,12,608,Dec 2004
2005,1,974,Jan 2005
2005,2,574,Feb 2005
2005,3,174,Mar 2005
2005,4,874,Apr 2005
2005,5,257,May 2005
2005,6,56,Jun 2005
2005,7,0,Jul 2005
2005,8,15,Aug 2005
2005,9,86,Sep 2005
2005,10,541,Oct 2005
2005,11,363,Nov 2005
2005,12,183,Dec 2005
2006,1,1604,Jan 2006
2006,2,1268,Feb 2006
2006,3,1181,Mar 2006
2006,4,580,Apr 2006
2006,5,128,May 2006
2006,7,0,Jul 2006
2006,8,685,Aug 2006
2006,9,3,Sep 2006
2006,10,266,Oct 2006
2006,11,1054,Nov 2006
2006,12,48,Dec 2006
2007,1,298,Jan 2007
2007,2,39,Feb 2007
2007,3,206,Mar 2007
2007,4,307,Apr 2007
2007,5,3,May 2007
2007,6,229,Jun 2007
2007,8,8,Aug 2007
2007,9,384,Sep 2007
2007,10,475,Oct 2007
2007,11,740,Nov 2007
2007,12,547,Dec 2007
2008,1,220,Jan 2008
2008,2,230,Feb 2008
2008,3,664,Mar 2008
2008,4,138,Apr 2008
2008,5,218,May 2008
2008,6,387,Jun 2008
2008,8,49,Aug 2008
2008,10,188,Oct 2008
2008,11,1181,Nov 2008
2008,12,289,Dec 2008
2009,1,765,Jan 2009
2009,2,886,Feb 2009
2009,3,206,Mar 2009
2009,4,84,Apr 2009
2009,5,185,May 2009
2009,6,417,Jun 2009
2009,7,51,Jul 2009
2009,8,33,Aug 2009
2009,10,513,Oct 2009
2009,11,1067,Nov 2009
2009,12,837,Dec 2009
2010,1,1492,Jan 2010
2010,2,1201,Feb 2010
2010,3,616,Mar 2010
2010,4,812,Apr 2010
2010,5,352,May 2010
2010,6,51,Jun 2010
2010,10,430,Oct 2010
2010,11,1447,Nov 2010
2010,12,704,Dec 2010
2011,1,1418,Jan 2011
2011,2,838,Feb 2011
2011,3,536,Mar 2011
2011,4,789,Apr 2011
2011,5,435,May 2011
2011,6,325,Jun 2011
2011,7,6,Jul 2011
2011,8,5,Aug 2011
2011,9,3,Sep 2011
2011,10,184,Oct 2011
2011,11,96,Nov 2011
2011,12,393,Dec 2011
2012,1,256,Jan 2012
2012,2,534,Feb 2012
2012,3,108,Mar 2012
2012,4,170,Apr 2012
2012,5,26,May 2012
2012,6,208,Jun 2012
2012,7,165,Jul 2012
2012,8,10,Aug 2012
2012,9,165,Sep 2012
2012,10,565,Oct 2012
2012,11,140,Nov 2012
2012,12,982,Dec 2012
2013,1,207,Jan 2013
2013,2,184,Feb 2013
2013,3,369,Mar 2013
2013,4,175,Apr 2013
2013,10,150,Oct 2013
2013,11,92,Nov 2013
2013,12,1133,Dec 2013
2014,1,94,Jan 2014
2014,2,1146,Feb 2014
2014,3,381,Mar 2014
2014,4,135,Apr 2014
2014,5,87,May 2014
2014,8,26,Aug 2014
2014,10,10,Oct 2014
2014,11,933,Nov 2014
2014,12,463,Dec 2014
2015,1,106,Jan 2015
2015,2,399,Feb 2015
2015,3,348,Mar 2015
2015,4,94,Apr 2015
2015,5,66,May 2015
2015,6,356,Jun 2015
2015,9,163,Sep 2015
2015,10,41,Oct 2015
2016,1,470,Jan 2016
2016,2,119,Feb 2016
2016,3,99,Mar 2016
2016,4,110,Apr 2016
2016,5,564,May 2016
2016,6,180,Jun 2016
2016,8,80,Aug 2016
2016,11,561,Nov 2016
2016,12,198,Dec 2016
2017,1,949,Jan 2017
2017,2,774,Feb 2017
2017,3,432,Mar 2017
2017,4,81,Apr 2017
2017,5,53,May 2017
2017,7,3,Jul 2017
2017,10,383,Oct 2017
2017,11,25,Nov 2017
2017,12,321,Dec 2017
2018,1,385,Jan 2018
2018,2,353,Feb 2018
2018,3,1753,Mar 2018
2018,4,609,Apr 2018
2018,5,67,May 2018
2018,6,30,Jun 2018
2018,8,23,Aug 2018
2018,9,30,Sep 2018
2018,10,210,Oct 2018
2018,11,77,Nov 2018
2018,12,50,Dec 2018
2019,1,343,Jan 2019
2019,2,1326,Feb 2019
2019,3,388,Mar 2019
2019,4,1041,Apr 2019
2019,5,138,May 2019
2019,10,3,Oct 2019
2019,11,71,Nov 2019
2019,12,312,Dec 2019
